<?xml version="1.0" encoding="UTF-8"?>
<!DOCTYPE mapper PUBLIC "-//mybatis.org//DTD Mapper 3.0//EN" "http://mybatis.org/dtd/mybatis-3-mapper.dtd">
<mapper namespace="com.qiezilife.logdb.mapper.Table" >

    <resultMap id="BaseResultMap" type="com.qiezilife.logdb.pojo.Table" >
        <result column="table_name" property="tableName" jdbcType="VARCHAR" />
    </resultMap>

    <sql id="Base_Column_List" >
        table_name
    </sql>

    <!-- 查询表信息 -->
    <select id="isExitTable" resultMap="BaseResultMap" parameterType="java.util.Map">
        SELECT table_name FROM information_schema.TABLES
        WHERE table_name = #{tableName, jdbcType=VARCHAR}
        AND table_schema = #{databaseName, jdbcType=VARCHAR};
    </select>

    <!-- 创建表信息 -->
    <update id="createTable" parameterType="java.lang.String">
        CREATE TABLE `${tableName}` (
          `id` int(11) unsigned NOT NULL AUTO_INCREMENT COMMENT 'ID',
          `uid` int(11) unsigned NOT NULL DEFAULT '0' COMMENT '用户ID',
          `api_name` varchar(100) NOT NULL DEFAULT '' COMMENT '接口uri',
          `request_method` varchar(10) NOT NULL DEFAULT '' COMMENT '接口访问方式',
          `param_json` varchar(1024) NOT NULL DEFAULT '' COMMENT '参数信息',
          `response` varchar(4096) NOT NULL DEFAULT '' COMMENT '返回结果',
          `status` int(11) NOT NULL DEFAULT '0' COMMENT '返回状态码',
          `err_code` int(11) NOT NULL DEFAULT '0' COMMENT '返回的错误码',
          `err_message` varchar(255) NOT NULL DEFAULT '' COMMENT '返回的错误信息',
          `user_ip` varchar(32) NOT NULL DEFAULT '' COMMENT '用户IP',
          `server_ip` varchar(20) NOT NULL DEFAULT '' COMMENT '服务IP',
          `end_time` int(11) NOT NULL DEFAULT '0' COMMENT '数据返回时间',
          `spend_time` int(11) NOT NULL DEFAULT '0' COMMENT '接口耗时',
          `system` varchar(20) NOT NULL DEFAULT '' COMMENT '操作系统',
          `brand` varchar(32) NOT NULL DEFAULT '' COMMENT '手机品牌',
          `model` varchar(64) NOT NULL DEFAULT '' COMMENT '手机型号',
          `version` varchar(20) NOT NULL DEFAULT '' COMMENT '微信程序版本',
          `app_version` varchar(20) NOT NULL DEFAULT '' COMMENT '应用程序版本',
          `created_at` timestamp NOT NULL DEFAULT CURRENT_TIMESTAMP COMMENT '创建时间',
          PRIMARY KEY (`id`),
          KEY `idx_api_log_t_uid` (`uid`)
        ) ENGINE=InnoDB DEFAULT CHARSET=utf8mb4 COMMENT='接口信息调用表'
    </update>
</mapper>