<?xml version="1.0" encoding="UTF-8"?>
<!DOCTYPE configuration PUBLIC "-//mybatis.org//DTD Config 3.0//EN" "http://mybatis.org/dtd/mybatis-3-config.dtd">
<configuration>
    <properties resource="jdbc.properties" />

    <settings>
        <setting name="lazyLoadingEnabled" value="true" />
        <setting name="aggressiveLazyLoading" value="true" />
    </settings>

    <typeAliases>
        <package name="com.qiezilife.logdb.pojo" />
    </typeAliases>

    <environments default="development">
        <environment id="development">
            <transactionManager type="JDBC"/>
            <!-- 配置数据库连接信息 -->
            <dataSource type="POOLED">
                <property name="driver" value="${jdbc.driver}"/>
                <property name="url" value="${jdbc.url}"/>
                <property name="username" value="${jdbc.username}"/>
                <property name="password" value="${jdbc.password}"/>
                <property name="poolMaximumActiveConnections" value="${jdbc.maxActive}" />
                <property name="poolMaximumIdleConnections" value="${jdbc.maxIdle}" />
            </dataSource>
        </environment>
    </environments>

    <mappers>
        <mapper resource="mapper/Logdb.xml" />
    </mappers>
</configuration>